{
  "$schema": "https://static.modelcontextprotocol.io/schemas/2025-10-17/server.schema.json",
  "name": "io.github.ChromeDevTools/chrome-devtools-mcp",
  "description": "MCP server for Chrome DevTools",
  "repository": {
    "url": "https://github.com/ChromeDevTools/chrome-devtools-mcp",
    "source": "github"
  },
  "version": "0.9.0",
  "packages": [
    {
      "registryType": "npm",
      "registryBaseUrl": "https://registry.npmjs.org",
      "identifier": "chrome-devtools-mcp",
      "version": "0.9.0",
      "transport": {
        "type": "stdio"
      },
      "environmentVariables": []
    }
  ]
}
